id_menu,nama_menu,foto_menu,deskripsi_menu,harga_menu,id_kategori_menu,created_at,kategori,updated_at
00fb1fbf-2092-46e3-883e-e6c762d5668b,Nasi Sop Buntut,https://nfafmiaxogrxxwjuyqfs.supabase.co/storage/v1/object/sign/menu/Food/nasisopbuntut.jpeg?token=eyJhbGciOiJIUzI1NiIsInR5cCI6IkpXVCIsImtpZCI6InN0b3JhZ2UtdXJsLXNpZ25pbmcta2V5X2ExYzUxODAwLTdiOWItNDRkMi1iMDc5LTkzNjE5NTA4NzY1NyJ9.eyJ1cmwiOiJtZW51L0Zvb2QvbmFzaXNvcGJ1bnR1dC5qcGVnIiwiaWF0IjoxNzQ3MTEzNDgzLCJleHAiOjE3Nzg2NDk0ODN9.BulGrsIZcp4yZscr_HJnD5PbtHpBd9Fkqp6pCIPH3V0,"A hearty oxtail soup served with rice, featuring tender oxtail pieces in a clear, aromatic broth enriched with vegetables and traditional Indonesian spices.",45000.00,2,2025-05-13 05:18:31+00,Food,2025-05-13 12:18:33
09071665-48a7-46ef-8b21-a558b00c7d0b,Secreto Mango,https://nfafmiaxogrxxwjuyqfs.supabase.co/storage/v1/object/sign/menu/Drink/Secreto/secreto%20mango.jpeg?token=eyJhbGciOiJIUzI1NiIsInR5cCI6IkpXVCIsImtpZCI6InN0b3JhZ2UtdXJsLXNpZ25pbmcta2V5X2ExYzUxODAwLTdiOWItNDRkMi1iMDc5LTkzNjE5NTA4NzY1NyJ9.eyJ1cmwiOiJtZW51L0RyaW5rL1NlY3JldG8vc2VjcmV0byBtYW5nby5qcGVnIiwiaWF0IjoxNzQ3MTEyNDc5LCJleHAiOjE3Nzg2NDg0Nzl9.6I_tuOJFXEMcFae2FhFfXVUl1EakjXK4nxZT6Nw_HXg,A sweet and vibrant mango-based drink that delivers a tropical sensation in every sip.,20000.00,1,2025-05-13 05:01:31+00,Drink,2025-05-13 12:01:37
0b5e528e-bcd6-49c2-a14d-933b88c65a48,Mineral Water,https://nfafmiaxogrxxwjuyqfs.supabase.co/storage/v1/object/sign/menu/Drink/Air%20Mineral/mineralwater.jpeg?token=eyJhbGciOiJIUzI1NiIsInR5cCI6IkpXVCIsImtpZCI6InN0b3JhZ2UtdXJsLXNpZ25pbmcta2V5X2ExYzUxODAwLTdiOWItNDRkMi1iMDc5LTkzNjE5NTA4NzY1NyJ9.eyJ1cmwiOiJtZW51L0RyaW5rL0FpciBNaW5lcmFsL21pbmVyYWx3YXRlci5qcGVnIiwiaWF0IjoxNzQ3MTExODI5LCJleHAiOjE3Nzg2NDc4Mjl9.ZVrrUnguzq5SdqBKGzu_F87lZ76AUee22uaVOOKHsy4,"Pure, refreshing mineral water—your essential hydration choice.",7000.00,1,2025-02-26 18:43:02.298458+00,Drink,
1db169b6-125c-4cbd-8f0f-6f62a16979cf,Chocolate,https://nfafmiaxogrxxwjuyqfs.supabase.co/storage/v1/object/sign/menu/Drink/Milk%20Based/chocolate.jpeg?token=eyJhbGciOiJIUzI1NiIsInR5cCI6IkpXVCIsImtpZCI6InN0b3JhZ2UtdXJsLXNpZ25pbmcta2V5X2ExYzUxODAwLTdiOWItNDRkMi1iMDc5LTkzNjE5NTA4NzY1NyJ9.eyJ1cmwiOiJtZW51L0RyaW5rL01pbGsgQmFzZWQvY2hvY29sYXRlLmpwZWciLCJpYXQiOjE3NDcxMTIyODgsImV4cCI6MTc3ODY0ODI4OH0.PVSNBFPLQch5SJnMg4T_xJJCp5fW2dSITQSF4Vs4_eQ,"Smooth and velvety chocolate milk, perfect for chocolate lovers of all ages.",20000.00,1,2025-05-13 04:58:19+00,Drink,2025-05-13 11:58:27
30a8f1c4-b4de-404f-bbe8-6031f10cdc73,Pisang Goreng,https://nfafmiaxogrxxwjuyqfs.supabase.co/storage/v1/object/sign/menu/Snack/pisanggoreng.jpeg?token=eyJhbGciOiJIUzI1NiIsInR5cCI6IkpXVCIsImtpZCI6InN0b3JhZ2UtdXJsLXNpZ25pbmcta2V5X2ExYzUxODAwLTdiOWItNDRkMi1iMDc5LTkzNjE5NTA4NzY1NyJ9.eyJ1cmwiOiJtZW51L1NuYWNrL3Bpc2FuZ2dvcmVuZy5qcGVnIiwiaWF0IjoxNzQ3MTEzNjM3LCJleHAiOjE3Nzg2NDk2Mzd9.tdItQ7fcG-OHyk6cnJGd6R19bzV9uJk-Ucezgl6HlI4,"Sweet bananas dipped in batter and deep-fried until golden and crispy on the outside, soft and sweet on the inside—a beloved traditional snack.",18000.00,3,2025-05-13 05:20:52.41817+00,Snack,
3b815ff0-b10c-4cd6-805a-94bd9966c145,Nasi Telor,https://nfafmiaxogrxxwjuyqfs.supabase.co/storage/v1/object/sign/menu/Food/nasitelor.jpeg?token=eyJhbGciOiJIUzI1NiIsInR5cCI6IkpXVCIsImtpZCI6InN0b3JhZ2UtdXJsLXNpZ25pbmcta2V5X2ExYzUxODAwLTdiOWItNDRkMi1iMDc5LTkzNjE5NTA4NzY1NyJ9.eyJ1cmwiOiJtZW51L0Zvb2QvbmFzaXRlbG9yLmpwZWciLCJpYXQiOjE3NDcxMTM1MjQsImV4cCI6MTc3ODY0OTUyNH0.wCgeTCNgLxqcP8TUXyPZ47lxPmdpcNG_N-82z_Nqpf8,"Steamed rice served with a savory fried egg, topped with sweet soy sauce and crispy shallots—a simple yet satisfying comfort dish.",18000.00,2,2025-05-13 05:19:06.975041+00,Food,
3fbeb53a-209d-4cee-a297-c33091a44c0b,Tahu Cabe Garam,https://nfafmiaxogrxxwjuyqfs.supabase.co/storage/v1/object/sign/menu/Snack/tahucabegaram.jpeg?token=eyJhbGciOiJIUzI1NiIsInR5cCI6IkpXVCIsImtpZCI6InN0b3JhZ2UtdXJsLXNpZ25pbmcta2V5X2ExYzUxODAwLTdiOWItNDRkMi1iMDc5LTkzNjE5NTA4NzY1NyJ9.eyJ1cmwiOiJtZW51L1NuYWNrL3RhaHVjYWJlZ2FyYW0uanBlZyIsImlhdCI6MTc0NzExMzY1NywiZXhwIjoxNzc4NjQ5NjU3fQ.qvjH0iREnkbCJs53fzc9xtcHtInyq7aPDrevrBZ3_NE,"Crispy tofu tossed in a mix of chopped chilies, garlic, and salt—spicy, aromatic, and full of umami flavor.",18000.00,5,2025-05-13 13:22:32.8475+00,,
4114925d-acf5-4b6e-9a4a-eee0ad4147f3,Nasi Kulit,https://nfafmiaxogrxxwjuyqfs.supabase.co/storage/v1/object/sign/menu/Food/nasikulit.jpeg?token=eyJhbGciOiJIUzI1NiIsInR5cCI6IkpXVCIsImtpZCI6InN0b3JhZ2UtdXJsLXNpZ25pbmcta2V5X2ExYzUxODAwLTdiOWItNDRkMi1iMDc5LTkzNjE5NTA4NzY1NyJ9.eyJ1cmwiOiJtZW51L0Zvb2QvbmFzaWt1bGl0LmpwZWciLCJpYXQiOjE3NDcxMTI5MzEsImV4cCI6MTc3ODY0ODkzMX0.DudWhReV7mTela_o4ZO_j_TTm2Zo1U3u82rvTg3tnQ0,"Fluffy white rice paired with crispy deep-fried chicken skin, served with sambal and fresh cucumber slices for a flavorful crunch in every bite.",18000.00,2,2025-05-13 05:09:07+00,Food,2025-05-13 12:09:11
4c114ec3-bcfd-4eb9-a401-821047a1bd9f,Matcha,https://nfafmiaxogrxxwjuyqfs.supabase.co/storage/v1/object/sign/menu/Drink/Milk%20Based/matcha.jpeg?token=eyJhbGciOiJIUzI1NiIsInR5cCI6IkpXVCIsImtpZCI6InN0b3JhZ2UtdXJsLXNpZ25pbmcta2V5X2ExYzUxODAwLTdiOWItNDRkMi1iMDc5LTkzNjE5NTA4NzY1NyJ9.eyJ1cmwiOiJtZW51L0RyaW5rL01pbGsgQmFzZWQvbWF0Y2hhLmpwZWciLCJpYXQiOjE3NDcxMTI0MjMsImV4cCI6MTc3ODY0ODQyM30.MXCJihByWKBVUS0ihA77gRghTX9VYAmsrdI4vlGlZXE,"Creamy green tea latte made with authentic matcha powder—earthy, rich, and energizing.",20000.00,1,2025-05-13 05:00:28+00,Drink,2025-05-13 12:00:35
4e0bed00-d36d-42aa-a543-2d0a0c7b3bca,Butterscotch Coffe,https://nfafmiaxogrxxwjuyqfs.supabase.co/storage/v1/object/sign/menu/Drink/Bicopis%20Coffee/butterscoth%20coffee.jpeg?token=eyJhbGciOiJIUzI1NiIsInR5cCI6IkpXVCIsImtpZCI6InN0b3JhZ2UtdXJsLXNpZ25pbmcta2V5X2ExYzUxODAwLTdiOWItNDRkMi1iMDc5LTkzNjE5NTA4NzY1NyJ9.eyJ1cmwiOiJtZW51L0RyaW5rL0JpY29waXMgQ29mZmVlL2J1dHRlcnNjb3RoIGNvZmZlZS5qcGVnIiwiaWF0IjoxNzQ3MTExOTY3LCJleHAiOjE3Nzg2NDc5Njd9.W3ybAOa-1CIvShCk4N8vKfBpI-7RHUmf2GrPkiuA2cM,"Bold coffee blended with buttery butterscotch flavor, creating a rich and comforting beverage.",22000.00,5,2025-05-13 13:19:06.359169+00,,
5af5440d-0f9d-4ed1-abee-9c463bd98ca9,Nasi Kulit,https://nfafmiaxogrxxwjuyqfs.supabase.co/storage/v1/object/sign/menu/Food/nasikulit.jpeg?token=eyJhbGciOiJIUzI1NiIsInR5cCI6IkpXVCIsImtpZCI6InN0b3JhZ2UtdXJsLXNpZ25pbmcta2V5X2ExYzUxODAwLTdiOWItNDRkMi1iMDc5LTkzNjE5NTA4NzY1NyJ9.eyJ1cmwiOiJtZW51L0Zvb2QvbmFzaWt1bGl0LmpwZWciLCJpYXQiOjE3NDcxMTI5MzEsImV4cCI6MTc3ODY0ODkzMX0.DudWhReV7mTela_o4ZO_j_TTm2Zo1U3u82rvTg3tnQ0,"Fluffy white rice paired with crispy deep-fried chicken skin, served with sambal and fresh cucumber slices for a flavorful crunch in every bite.",10000.00,5,2025-05-13 08:20:30.048988+00,,
65681071-ec4a-46d5-9e39-b6a8ed952862,Nasi Bebek Bumbu Hitam,https://nfafmiaxogrxxwjuyqfs.supabase.co/storage/v1/object/sign/menu/Food/nasibumbubebekhitam.jpeg?token=eyJhbGciOiJIUzI1NiIsInR5cCI6IkpXVCIsImtpZCI6InN0b3JhZ2UtdXJsLXNpZ25pbmcta2V5X2ExYzUxODAwLTdiOWItNDRkMi1iMDc5LTkzNjE5NTA4NzY1NyJ9.eyJ1cmwiOiJtZW51L0Zvb2QvbmFzaWJ1bWJ1YmViZWtoaXRhbS5qcGVnIiwiaWF0IjoxNzQ3MTEyODY5LCJleHAiOjE3Nzg2NDg4Njl9.VYWjTUH_dDvUZwjubctl_ciJ3TPtUnRYhcfVoi9fLzU,"Rice served with slow-cooked duck in rich black spice paste, known for its bold, slightly smoky flavor, complemented by sambal and fresh herbs.",35000.00,2,2025-05-13 05:08:04+00,Food,2025-05-13 12:08:09
66fade00-2eff-4895-8c58-a9ec01f68692,Tahu Cabe Garam,https://nfafmiaxogrxxwjuyqfs.supabase.co/storage/v1/object/sign/menu/Snack/tahucabegaram.jpeg?token=eyJhbGciOiJIUzI1NiIsInR5cCI6IkpXVCIsImtpZCI6InN0b3JhZ2UtdXJsLXNpZ25pbmcta2V5X2ExYzUxODAwLTdiOWItNDRkMi1iMDc5LTkzNjE5NTA4NzY1NyJ9.eyJ1cmwiOiJtZW51L1NuYWNrL3RhaHVjYWJlZ2FyYW0uanBlZyIsImlhdCI6MTc0NzExMzY1NywiZXhwIjoxNzc4NjQ5NjU3fQ.qvjH0iREnkbCJs53fzc9xtcHtInyq7aPDrevrBZ3_NE,"Crispy tofu tossed in a mix of chopped chilies, garlic, and salt—spicy, aromatic, and full of umami flavor.",18000.00,3,2025-05-13 05:21:20.120865+00,Snack,
69fb6c20-7026-4f36-a285-69356038168e,Bakso Halus,https://nfafmiaxogrxxwjuyqfs.supabase.co/storage/v1/object/sign/menu/Food/baksohalus.jpeg?token=eyJhbGciOiJIUzI1NiIsInR5cCI6IkpXVCIsImtpZCI6InN0b3JhZ2UtdXJsLXNpZ25pbmcta2V5X2ExYzUxODAwLTdiOWItNDRkMi1iMDc5LTkzNjE5NTA4NzY1NyJ9.eyJ1cmwiOiJtZW51L0Zvb2QvYmFrc29oYWx1cy5qcGVnIiwiaWF0IjoxNzQ3MTEyNzQ3LCJleHAiOjE3Nzg2NDg3NDd9.g_3nvlqkvKR3e5wUpcebI-suFHnNaYK_TH9vSlDgXHk,"Soft-textured beef meatballs served in a warm, clear broth with noodles, vegetables, and fried shallots—perfect for a light and satisfying meal.",30000.00,2,2025-05-13 05:06:13+00,Food,2025-05-13 12:06:15
6c9bb0f9-be95-488f-a100-f31527ccadbe,Chicken Skin,https://nfafmiaxogrxxwjuyqfs.supabase.co/storage/v1/object/sign/menu/Snack/chickenskin.jpeg?token=eyJhbGciOiJIUzI1NiIsInR5cCI6IkpXVCIsImtpZCI6InN0b3JhZ2UtdXJsLXNpZ25pbmcta2V5X2ExYzUxODAwLTdiOWItNDRkMi1iMDc5LTkzNjE5NTA4NzY1NyJ9.eyJ1cmwiOiJtZW51L1NuYWNrL2NoaWNrZW5za2luLmpwZWciLCJpYXQiOjE3NDcxMTM1NzEsImV4cCI6MTc3ODY0OTU3MX0.9ZlgoXmy-N1UCeCnQ_hqouN8D4NYuBOAMRbo0sJlxZA,"Crispy golden fries, perfectly seasoned and served hot — a classic snack or side dish favorite.",15000.00,3,2025-05-13 05:19:47.539504+00,Snack,
6e24cae3-160f-4be9-baf1-a9404fd5745d,Lychee Tea,https://nfafmiaxogrxxwjuyqfs.supabase.co/storage/v1/object/sign/menu/Drink/Varian%20Tea/lycheetea.jpeg?token=eyJhbGciOiJIUzI1NiIsInR5cCI6IkpXVCIsImtpZCI6InN0b3JhZ2UtdXJsLXNpZ25pbmcta2V5X2ExYzUxODAwLTdiOWItNDRkMi1iMDc5LTkzNjE5NTA4NzY1NyJ9.eyJ1cmwiOiJtZW51L0RyaW5rL1ZhcmlhbiBUZWEvbHljaGVldGVhLmpwZWciLCJpYXQiOjE3NDcxMTI2MzEsImV4cCI6MTc3ODY0ODYzMX0.p0Q7XzRmSOwj5CVYZfA5NGMo7IsTX0YFrzO2DEt_hG0,"A fragrant tea blend with sweet lychee flavor, perfect for a cooling and exotic refreshment.",15000.00,1,2025-05-13 05:04:03+00,Drink,2025-05-13 12:04:06
6e70e1b6-3508-4ab5-8416-7d9e8f2bf8f7,Tahu Cripsy,https://nfafmiaxogrxxwjuyqfs.supabase.co/storage/v1/object/sign/menu/Snack/tahucrispy.jpeg?token=eyJhbGciOiJIUzI1NiIsInR5cCI6IkpXVCIsImtpZCI6InN0b3JhZ2UtdXJsLXNpZ25pbmcta2V5X2ExYzUxODAwLTdiOWItNDRkMi1iMDc5LTkzNjE5NTA4NzY1NyJ9.eyJ1cmwiOiJtZW51L1NuYWNrL3RhaHVjcmlzcHkuanBlZyIsImlhdCI6MTc0NzExMzY4NCwiZXhwIjoxNzc4NjQ5Njg0fQ.acG3ML_o3GCW8GkBZ1q63Iy6p7HGBIKgJldP0J67JPc,"Golden-brown tofu cubes fried until crispy on the outside and soft on the inside, served with chili sauce for a tasty snack or side dish.",15000.00,3,2025-05-13 05:22:01.437242+00,Snack,
72174dd2-79e6-4317-95b3-b2a17b85f982,Peach Tea,https://nfafmiaxogrxxwjuyqfs.supabase.co/storage/v1/object/sign/menu/Drink/Varian%20Tea/peachtea.jpeg?token=eyJhbGciOiJIUzI1NiIsInR5cCI6IkpXVCIsImtpZCI6InN0b3JhZ2UtdXJsLXNpZ25pbmcta2V5X2ExYzUxODAwLTdiOWItNDRkMi1iMDc5LTkzNjE5NTA4NzY1NyJ9.eyJ1cmwiOiJtZW51L0RyaW5rL1ZhcmlhbiBUZWEvcGVhY2h0ZWEuanBlZyIsImlhdCI6MTc0NzExMjY5NCwiZXhwIjoxNzc4NjQ4Njk0fQ.UMuZsfLfvjVJQ7XY377fmNQsjO7VuFSq7Yn7BSt45-g,"Iced black tea infused with juicy peach flavor for a refreshing, fruity twist.",15000.00,1,2025-05-13 05:05:02+00,Drink,2025-05-13 12:05:06
8394d56a-a8f9-4e04-b7cf-caab3ef793da,Chicken Skin,https://nfafmiaxogrxxwjuyqfs.supabase.co/storage/v1/object/sign/menu/Snack/chickenskin.jpeg?token=eyJhbGciOiJIUzI1NiIsInR5cCI6IkpXVCIsImtpZCI6InN0b3JhZ2UtdXJsLXNpZ25pbmcta2V5X2ExYzUxODAwLTdiOWItNDRkMi1iMDc5LTkzNjE5NTA4NzY1NyJ9.eyJ1cmwiOiJtZW51L1NuYWNrL2NoaWNrZW5za2luLmpwZWciLCJpYXQiOjE3NDcxMTM1NzEsImV4cCI6MTc3ODY0OTU3MX0.9ZlgoXmy-N1UCeCnQ_hqouN8D4NYuBOAMRbo0sJlxZA,"Crispy golden fries, perfectly seasoned and served hot — a classic snack or side dish favorite.",15000.00,5,2025-05-13 13:21:06.196217+00,,
83cf2ac3-bd27-428c-b4ae-f1ef68334a20,Flavor Latte Vanilla,https://nfafmiaxogrxxwjuyqfs.supabase.co/storage/v1/object/sign/menu/Drink/Bicopis%20Coffee/flavorlattevanilla.jpeg?token=eyJhbGciOiJIUzI1NiIsInR5cCI6IkpXVCIsImtpZCI6InN0b3JhZ2UtdXJsLXNpZ25pbmcta2V5X2ExYzUxODAwLTdiOWItNDRkMi1iMDc5LTkzNjE5NTA4NzY1NyJ9.eyJ1cmwiOiJtZW51L0RyaW5rL0JpY29waXMgQ29mZmVlL2ZsYXZvcmxhdHRldmFuaWxsYS5qcGVnIiwiaWF0IjoxNzQ3MTEyMjI2LCJleHAiOjE3Nzg2NDgyMjZ9.Kd0tD3g8lsQUQehx9hc9Q8ImdoY9e4ElBCSiQtqIwko,"A classic latte with a touch of fragrant vanilla syrup, offering a silky and mellow coffee experience.",18000.00,1,2025-05-13 04:57:18+00,Drink,2025-05-13 11:57:24
8914fece-c97f-4a53-9a62-2d49d38e031d,Wedang Uwuh,https://nfafmiaxogrxxwjuyqfs.supabase.co/storage/v1/object/sign/menu/Drink/Air%20Mineral/wedanguwuh.jpeg?token=eyJhbGciOiJIUzI1NiIsInR5cCI6IkpXVCIsImtpZCI6InN0b3JhZ2UtdXJsLXNpZ25pbmcta2V5X2ExYzUxODAwLTdiOWItNDRkMi1iMDc5LTkzNjE5NTA4NzY1NyJ9.eyJ1cmwiOiJtZW51L0RyaW5rL0FpciBNaW5lcmFsL3dlZGFuZ3V3dWguanBlZyIsImlhdCI6MTc0NzExMTkwMywiZXhwIjoxNzc4NjQ3OTAzfQ._bwBymK9IOC5DFJPdbPJ0fz2BWMFk0TeVJDgZU169wo,"Traditional Javanese herbal drink made from aromatic spices like cinnamon, cloves, and ginger—served hot for a warming, healthful experience.",15000.00,1,2025-02-26 18:44:03.289314+00,Drink,
8edbc193-7836-41f1-9cf0-4e39026d2f33,Choco Rum,https://nfafmiaxogrxxwjuyqfs.supabase.co/storage/v1/object/sign/menu/Drink/Milk%20Based/chocorum.jpeg?token=eyJhbGciOiJIUzI1NiIsInR5cCI6IkpXVCIsImtpZCI6InN0b3JhZ2UtdXJsLXNpZ25pbmcta2V5X2ExYzUxODAwLTdiOWItNDRkMi1iMDc5LTkzNjE5NTA4NzY1NyJ9.eyJ1cmwiOiJtZW51L0RyaW5rL01pbGsgQmFzZWQvY2hvY29ydW0uanBlZyIsImlhdCI6MTc0NzExMjM3NCwiZXhwIjoxNzc4NjQ4Mzc0fQ.1mXftvHWybcQ5RkeKeJ9BJTywnj310TprVwGEx-ihV4,"Creamy chocolate milk with a hint of rum flavor (non-alcoholic), rich and indulgent.",23000.00,1,2025-05-13 04:59:45+00,Drink,2025-05-13 11:59:51
8f2eb02f-3dcd-4e07-886f-51c488b52cad,Secreto Honey,https://nfafmiaxogrxxwjuyqfs.supabase.co/storage/v1/object/sign/menu/Drink/Secreto/secretohoney.jpeg?token=eyJhbGciOiJIUzI1NiIsInR5cCI6IkpXVCIsImtpZCI6InN0b3JhZ2UtdXJsLXNpZ25pbmcta2V5X2ExYzUxODAwLTdiOWItNDRkMi1iMDc5LTkzNjE5NTA4NzY1NyJ9.eyJ1cmwiOiJtZW51L0RyaW5rL1NlY3JldG8vc2VjcmV0b2hvbmV5LmpwZWciLCJpYXQiOjE3NDcxMTI0NDksImV4cCI6MTc3ODY0ODQ0OX0.zrZ9QupN_hiZE1nqL65IeNK8Ju1IL8zjOsPVmOkrpCk,A light and sweet drink with a natural honey twist—refreshing and soothing at the same time.,20000.00,1,2025-05-13 05:01:02+00,Drink,2025-05-13 12:01:07
90ab5ac1-3842-400e-9076-dcafd95ad3ec,Kentang Goreng,https://nfafmiaxogrxxwjuyqfs.supabase.co/storage/v1/object/sign/menu/Snack/kentang.jpeg?token=eyJhbGciOiJIUzI1NiIsInR5cCI6IkpXVCIsImtpZCI6InN0b3JhZ2UtdXJsLXNpZ25pbmcta2V5X2ExYzUxODAwLTdiOWItNDRkMi1iMDc5LTkzNjE5NTA4NzY1NyJ9.eyJ1cmwiOiJtZW51L1NuYWNrL2tlbnRhbmcuanBlZyIsImlhdCI6MTc0NzExMzU5NywiZXhwIjoxNzc4NjQ5NTk3fQ.yt_9xeFRTe6xrpuf3sXQA3FhyW0axxsgiJeHqCFXoVc,"Crispy golden fries, perfectly seasoned and served hot — a classic snack or side dish favorite.",15000.00,3,2025-05-13 05:20:28.903856+00,Snack,
959c0bab-3c95-4ed4-ada9-fbd6ff3afa74,Nasi Goreng,https://nfafmiaxogrxxwjuyqfs.supabase.co/storage/v1/object/sign/menu/Food/nasigoreng.jpeg?token=eyJhbGciOiJIUzI1NiIsInR5cCI6IkpXVCIsImtpZCI6InN0b3JhZ2UtdXJsLXNpZ25pbmcta2V5X2ExYzUxODAwLTdiOWItNDRkMi1iMDc5LTkzNjE5NTA4NzY1NyJ9.eyJ1cmwiOiJtZW51L0Zvb2QvbmFzaWdvcmVuZy5qcGVnIiwiaWF0IjoxNzQ3MTEyODk3LCJleHAiOjE3Nzg2NDg4OTd9.x6TyWa4wmiZjCdO2MER8w_QtUzgq88ANKv7oP1rEG2M,"Savory stir-fried rice with your choice of chicken, shrimp, or veggies, topped with a fried egg and served with crackers and fresh garnish.",28000.00,2,2025-05-13 05:08:37+00,Food,2025-05-13 12:08:41
9661288e-327f-407f-b704-430170259642,Bakso Kasar,https://nfafmiaxogrxxwjuyqfs.supabase.co/storage/v1/object/sign/menu/Food/baksokasar.jpeg?token=eyJhbGciOiJIUzI1NiIsInR5cCI6IkpXVCIsImtpZCI6InN0b3JhZ2UtdXJsLXNpZ25pbmcta2V5X2ExYzUxODAwLTdiOWItNDRkMi1iMDc5LTkzNjE5NTA4NzY1NyJ9.eyJ1cmwiOiJtZW51L0Zvb2QvYmFrc29rYXNhci5qcGVnIiwiaWF0IjoxNzQ3MTEyNzg4LCJleHAiOjE3Nzg2NDg3ODh9.H6p2AaZS3RV5AQ35RDfDY1alaj3VEFAZBM-SDLNaZF0,"Coarse-textured beef meatballs with a hearty bite, served in a savory broth with noodles and vegetables for a more rustic and bold flavor experience.",30000.00,2,2025-05-13 05:06:45+00,Food,2025-05-13 12:06:49
98618f41-b452-420c-9adb-5ee2406ba01d,Bicopis Aren,https://nfafmiaxogrxxwjuyqfs.supabase.co/storage/v1/object/sign/menu/Drink/Bicopis%20Coffee/bicopisaren.jpeg?token=eyJhbGciOiJIUzI1NiIsInR5cCI6IkpXVCIsImtpZCI6InN0b3JhZ2UtdXJsLXNpZ25pbmcta2V5X2ExYzUxODAwLTdiOWItNDRkMi1iMDc5LTkzNjE5NTA4NzY1NyJ9.eyJ1cmwiOiJtZW51L0RyaW5rL0JpY29waXMgQ29mZmVlL2JpY29waXNhcmVuLmpwZWciLCJpYXQiOjE3NDcxMTE5NTEsImV4cCI6MTc3ODY0Nzk1MX0.YJa7-Vv92jW7fFMUSTC9Se8KoWfvmsczAuH4GMYX19A,"Signature iced coffee sweetened with natural palm sugar (aren), offering a deep caramelized taste and local flair.",22000.00,2,2025-04-22 02:41:40.295817+00,Drink,
9b55759e-8e0b-4717-9a8a-a01076e42cae,Secreto Peach,https://nfafmiaxogrxxwjuyqfs.supabase.co/storage/v1/object/sign/menu/Drink/Secreto/secretopeach.jpeg?token=eyJhbGciOiJIUzI1NiIsInR5cCI6IkpXVCIsImtpZCI6InN0b3JhZ2UtdXJsLXNpZ25pbmcta2V5X2ExYzUxODAwLTdiOWItNDRkMi1iMDc5LTkzNjE5NTA4NzY1NyJ9.eyJ1cmwiOiJtZW51L0RyaW5rL1NlY3JldG8vc2VjcmV0b3BlYWNoLmpwZWciLCJpYXQiOjE3NDcxMTI1MDYsImV4cCI6MTc3ODY0ODUwNn0.8StVambcX44C6zHyV1vIg3f3pX1a6GytJQQwKIMS9Q8,"Refreshing tropical drink with the juicy essence of peach, perfectly blended for a fruity burst.",20000.00,1,2025-05-13 05:02:00+00,Drink,2025-05-13 12:02:06
a0fa3c8e-9185-4410-abd1-b34135b4fd39,Choco Peanut,https://nfafmiaxogrxxwjuyqfs.supabase.co/storage/v1/object/sign/menu/Drink/Milk%20Based/chocopeanut.jpeg?token=eyJhbGciOiJIUzI1NiIsInR5cCI6IkpXVCIsImtpZCI6InN0b3JhZ2UtdXJsLXNpZ25pbmcta2V5X2ExYzUxODAwLTdiOWItNDRkMi1iMDc5LTkzNjE5NTA4NzY1NyJ9.eyJ1cmwiOiJtZW51L0RyaW5rL01pbGsgQmFzZWQvY2hvY29wZWFudXQuanBlZyIsImlhdCI6MTc0NzExMjM0MywiZXhwIjoxNzc4NjQ4MzQzfQ.UspvtC9MtIJVqmB1knwmCFuLolH0K0FtVy8_9TXnNqo,"A chocolate drink blended with peanut essence for a bold, nutty treat.",23000.00,1,2025-05-13 04:59:16+00,Drink,2025-05-13 11:59:20
af1d071e-f0f7-4c66-ae7c-a8d92a21c1d1,Flavor Latte Hazelnut,https://nfafmiaxogrxxwjuyqfs.supabase.co/storage/v1/object/sign/menu/Drink/Bicopis%20Coffee/flavorlattehazelnut.jpeg?token=eyJhbGciOiJIUzI1NiIsInR5cCI6IkpXVCIsImtpZCI6InN0b3JhZ2UtdXJsLXNpZ25pbmcta2V5X2ExYzUxODAwLTdiOWItNDRkMi1iMDc5LTkzNjE5NTA4NzY1NyJ9.eyJ1cmwiOiJtZW51L0RyaW5rL0JpY29waXMgQ29mZmVlL2ZsYXZvcmxhdHRlaGF6ZWxudXQuanBlZyIsImlhdCI6MTc0NzExMjEwOCwiZXhwIjoxNzc4NjQ4MTA4fQ.QF5sQgZWiwE6XL2tc926NtVl-AcThKi3EloXO5J3jbo,"A smooth espresso latte blended with sweet hazelnut syrup for a warm, nutty finish.",18000.00,1,2025-05-13 04:55:29+00,Drink,2025-05-13 11:55:42
b4e1f9ab-75fa-4848-9867-25085dc4e85c,Nasi Rawon,https://nfafmiaxogrxxwjuyqfs.supabase.co/storage/v1/object/sign/menu/Food/nasirawon.jpeg?token=eyJhbGciOiJIUzI1NiIsInR5cCI6IkpXVCIsImtpZCI6InN0b3JhZ2UtdXJsLXNpZ25pbmcta2V5X2ExYzUxODAwLTdiOWItNDRkMi1iMDc5LTkzNjE5NTA4NzY1NyJ9.eyJ1cmwiOiJtZW51L0Zvb2QvbmFzaXJhd29uLmpwZWciLCJpYXQiOjE3NDcxMTMwMzIsImV4cCI6MTc3ODY0OTAzMn0.Yn-pgfwb_nFAx1rDEetWm92dCwW7uuYvt-ajJGbWFX4,"Rice accompanied by rich, dark beef soup made with keluak (black nuts), creating a deep and earthy flavor, served with bean sprouts, salted egg, and sambal.",30000.00,2,2025-05-13 05:10:47+00,Food,2025-05-13 12:10:51
b4fa5363-1cba-49f9-818f-fa9a1238f5a8,Butterscotch Coffe,https://nfafmiaxogrxxwjuyqfs.supabase.co/storage/v1/object/sign/menu/Drink/Bicopis%20Coffee/butterscoth%20coffee.jpeg?token=eyJhbGciOiJIUzI1NiIsInR5cCI6IkpXVCIsImtpZCI6InN0b3JhZ2UtdXJsLXNpZ25pbmcta2V5X2ExYzUxODAwLTdiOWItNDRkMi1iMDc5LTkzNjE5NTA4NzY1NyJ9.eyJ1cmwiOiJtZW51L0RyaW5rL0JpY29waXMgQ29mZmVlL2J1dHRlcnNjb3RoIGNvZmZlZS5qcGVnIiwiaWF0IjoxNzQ3MTExOTY3LCJleHAiOjE3Nzg2NDc5Njd9.W3ybAOa-1CIvShCk4N8vKfBpI-7RHUmf2GrPkiuA2cM,"Bold coffee blended with buttery butterscotch flavor, creating a rich and comforting beverage.",22000.00,4,2025-02-27 15:32:20.737013+00,Drink,
c1bf62bd-bcfc-4284-8c85-405577c7082f,Nasi Bebek Bumbu Hitam,https://nfafmiaxogrxxwjuyqfs.supabase.co/storage/v1/object/sign/menu/Food/nasibumbubebekhitam.jpeg?token=eyJhbGciOiJIUzI1NiIsInR5cCI6IkpXVCIsImtpZCI6InN0b3JhZ2UtdXJsLXNpZ25pbmcta2V5X2ExYzUxODAwLTdiOWItNDRkMi1iMDc5LTkzNjE5NTA4NzY1NyJ9.eyJ1cmwiOiJtZW51L0Zvb2QvbmFzaWJ1bWJ1YmViZWtoaXRhbS5qcGVnIiwiaWF0IjoxNzQ3MTEyODY5LCJleHAiOjE3Nzg2NDg4Njl9.VYWjTUH_dDvUZwjubctl_ciJ3TPtUnRYhcfVoi9fLzU,"Rice served with slow-cooked duck in rich black spice paste, known for its bold, slightly smoky flavor, complemented by sambal and fresh herbs.",35000.00,5,2025-05-13 13:07:53.335983+00,,
c60af3ba-6e5e-4b6a-982c-4e39b5720ccc,Lychee Tea,https://nfafmiaxogrxxwjuyqfs.supabase.co/storage/v1/object/sign/menu/Drink/Varian%20Tea/lycheetea.jpeg?token=eyJhbGciOiJIUzI1NiIsInR5cCI6IkpXVCIsImtpZCI6InN0b3JhZ2UtdXJsLXNpZ25pbmcta2V5X2ExYzUxODAwLTdiOWItNDRkMi1iMDc5LTkzNjE5NTA4NzY1NyJ9.eyJ1cmwiOiJtZW51L0RyaW5rL1ZhcmlhbiBUZWEvbHljaGVldGVhLmpwZWciLCJpYXQiOjE3NDcxMTI2MzEsImV4cCI6MTc3ODY0ODYzMX0.p0Q7XzRmSOwj5CVYZfA5NGMo7IsTX0YFrzO2DEt_hG0,"A fragrant tea blend with sweet lychee flavor, perfect for a cooling and exotic refreshment.",15000.00,5,2025-05-13 13:11:41.742013+00,,
cc2b44dc-0e41-472a-b738-aeb1bc0a9b2a,Honey Tea,https://nfafmiaxogrxxwjuyqfs.supabase.co/storage/v1/object/sign/menu/Drink/Varian%20Tea/honeytea.jpeg?token=eyJhbGciOiJIUzI1NiIsInR5cCI6IkpXVCIsImtpZCI6InN0b3JhZ2UtdXJsLXNpZ25pbmcta2V5X2ExYzUxODAwLTdiOWItNDRkMi1iMDc5LTkzNjE5NTA4NzY1NyJ9.eyJ1cmwiOiJtZW51L0RyaW5rL1ZhcmlhbiBUZWEvaG9uZXl0ZWEuanBlZyIsImlhdCI6MTc0NzExMjU2MCwiZXhwIjoxNzc4NjQ4NTYwfQ.wIx8BFR0nGxiw3Lw7dgpvupPwsrro-cyIBHapTPgKFA,"Warm or iced tea lightly sweetened with natural honey, perfect for calming moments.",15000.00,1,2025-05-13 05:02:46+00,Drink,2025-05-13 12:02:51
cc703fe3-4e9d-4e9a-b993-27415043febd,Coffee Wingko,https://nfafmiaxogrxxwjuyqfs.supabase.co/storage/v1/object/sign/menu/Drink/Bicopis%20Coffee/coffewingko.jpeg?token=eyJhbGciOiJIUzI1NiIsInR5cCI6IkpXVCIsImtpZCI6InN0b3JhZ2UtdXJsLXNpZ25pbmcta2V5X2ExYzUxODAwLTdiOWItNDRkMi1iMDc5LTkzNjE5NTA4NzY1NyJ9.eyJ1cmwiOiJtZW51L0RyaW5rL0JpY29waXMgQ29mZmVlL2NvZmZld2luZ2tvLmpwZWciLCJpYXQiOjE3NDcxMTE5ODcsImV4cCI6MTc3ODY0Nzk4N30.1kIxnWW84PCjT_BqKMo0fSG5dBS-dT21nf4amm_sc5s,"Unique coffee creation inspired by the traditional Wingko snack, delivering a hint of coconut and roasted sweetness.",22000.00,2,2025-04-22 02:31:39.076079+00,Drink,
d5f9ac6d-b99f-409b-89bd-8e3e640813db,Strawberry Tea,https://nfafmiaxogrxxwjuyqfs.supabase.co/storage/v1/object/sign/menu/Drink/Varian%20Tea/strawberrytea.jpeg?token=eyJhbGciOiJIUzI1NiIsInR5cCI6IkpXVCIsImtpZCI6InN0b3JhZ2UtdXJsLXNpZ25pbmcta2V5X2ExYzUxODAwLTdiOWItNDRkMi1iMDc5LTkzNjE5NTA4NzY1NyJ9.eyJ1cmwiOiJtZW51L0RyaW5rL1ZhcmlhbiBUZWEvc3RyYXdiZXJyeXRlYS5qcGVnIiwiaWF0IjoxNzQ3MTEyNzE0LCJleHAiOjE3Nzg2NDg3MTR9.ebzdLvrPf_O7mkLXyy3Of1iVGRUN9fjjzTehpyna3Q8,"Iced tea with a burst of sweet strawberry flavor, offering a delicious balance of fruity and floral notes.

",15000.00,1,2025-05-13 05:05:29+00,Drink,2025-05-13 12:05:34
d75f70a8-5a2b-4ab2-aa23-e32419302ea5,Mie Goreng,https://nfafmiaxogrxxwjuyqfs.supabase.co/storage/v1/object/sign/menu/Food/miegoreng.jpeg?token=eyJhbGciOiJIUzI1NiIsInR5cCI6IkpXVCIsImtpZCI6InN0b3JhZ2UtdXJsLXNpZ25pbmcta2V5X2ExYzUxODAwLTdiOWItNDRkMi1iMDc5LTkzNjE5NTA4NzY1NyJ9.eyJ1cmwiOiJtZW51L0Zvb2QvbWllZ29yZW5nLmpwZWciLCJpYXQiOjE3NDcxMTI4MzcsImV4cCI6MTc3ODY0ODgzN30.8nLDiEiXNyn55S9XivWqxrodhIoRlDoxixxLSaUIw50,"Indonesian-style fried noodles stir-fried with vegetables, egg, and a savory-sweet soy sauce, often garnished with fried shallots and crackers.",28000.00,2,2025-05-13 05:07:32+00,Food,2025-05-13 12:07:34
d9edf656-953f-4879-b367-0dd57c278751,Mango Tea,https://nfafmiaxogrxxwjuyqfs.supabase.co/storage/v1/object/sign/menu/Drink/Varian%20Tea/mangotea.jpeg?token=eyJhbGciOiJIUzI1NiIsInR5cCI6IkpXVCIsImtpZCI6InN0b3JhZ2UtdXJsLXNpZ25pbmcta2V5X2ExYzUxODAwLTdiOWItNDRkMi1iMDc5LTkzNjE5NTA4NzY1NyJ9.eyJ1cmwiOiJtZW51L0RyaW5rL1ZhcmlhbiBUZWEvbWFuZ290ZWEuanBlZyIsImlhdCI6MTc0NzExMjY2NywiZXhwIjoxNzc4NjQ4NjY3fQ.bPP-n-rdHdg-rHAaPmwXTVK4ho_83azttXXIYRoRoak,A vibrant fusion of mango and black tea served cold—refreshing and tropical.,15000.00,1,2025-05-13 05:04:39+00,Drink,2025-05-13 12:04:44
f357d51d-a5f1-4580-9c76-9a6c811efa32,Flavor Latte Caramel,https://nfafmiaxogrxxwjuyqfs.supabase.co/storage/v1/object/sign/menu/Drink/Bicopis%20Coffee/flavorlattecaramel.jpeg?token=eyJhbGciOiJIUzI1NiIsInR5cCI6IkpXVCIsImtpZCI6InN0b3JhZ2UtdXJsLXNpZ25pbmcta2V5X2ExYzUxODAwLTdiOWItNDRkMi1iMDc5LTkzNjE5NTA4NzY1NyJ9.eyJ1cmwiOiJtZW51L0RyaW5rL0JpY29waXMgQ29mZmVlL2ZsYXZvcmxhdHRlY2FyYW1lbC5qcGVnIiwiaWF0IjoxNzQ3MTEyMDI4LCJleHAiOjE3Nzg2NDgwMjh9.0pnMEOY3BuvSmumxmm0GyJkGXWQnyhIad0xUzDV2hro,Creamy latte infused with rich caramel flavor perfectly balanced and indulgently sweet.,18000.00,3,2025-02-27 15:31:21.026082+00,Drink,
f76b6249-75be-4b81-be26-b2eea3f3dc6a,Ice Tea,https://nfafmiaxogrxxwjuyqfs.supabase.co/storage/v1/object/sign/menu/Drink/Varian%20Tea/icetea.jpeg?token=eyJhbGciOiJIUzI1NiIsInR5cCI6IkpXVCIsImtpZCI6InN0b3JhZ2UtdXJsLXNpZ25pbmcta2V5X2ExYzUxODAwLTdiOWItNDRkMi1iMDc5LTkzNjE5NTA4NzY1NyJ9.eyJ1cmwiOiJtZW51L0RyaW5rL1ZhcmlhbiBUZWEvaWNldGVhLmpwZWciLCJpYXQiOjE3NDcxMTI2MDQsImV4cCI6MTc3ODY0ODYwNH0.0Up4UzAjewi_mthV2Vk63-gOgyNFZmbi7Lr6XuY5m3c,"Classic iced tea served chilled, simple and thirst-quenching.",10000.00,1,2025-05-13 05:03:36+00,Drink,2025-05-13 12:03:40